{"cameraMode":{"drawMode":0,"name":"Shaded","section":"Shading Mode"},"sceneLighting":true,"audioPlay":false,"sceneViewState":{"showFog":true,"showMaterialUpdate":true,"showSkybox":true,"showFlares":true,"showImageEffects":true,"showParticleSystems":true},"in2DMode":false,"pivot":{"x":7.917760372161865,"y":-2.1678481101989748,"z":0.917263388633728},"rotation":{"x":0.24644429981708527,"y":0.6528398990631104,"z":-0.2381661832332611,"w":0.6755427122116089},"size":15.689334869384766,"orthographic":false}