{"cameraMode":{"drawMode":0,"name":"Shaded","section":"Shading Mode"},"sceneLighting":true,"audioPlay":false,"sceneViewState":{"showFog":true,"showMaterialUpdate":true,"showSkybox":true,"showFlares":true,"showImageEffects":true,"showParticleSystems":true},"in2DMode":false,"pivot":{"x":-0.15844660997390748,"y":1.0170481204986573,"z":-0.18976056575775147},"rotation":{"x":0.11077087372541428,"y":-0.07415842264890671,"z":0.00828874483704567,"w":0.9910407066345215},"size":5.2952375411987309,"orthographic":false}